16.964000, 13.974000, 3.550000, 1.824000
16.911000, 12.715000, 4.354000, 1.908000
15.617000, 12.680000, 5.067000, 1.908000
15.135000, 13.741000, 5.535000, 1.661200
18.087000, 12.705000, 5.331000, 1.908000
19.254000, 12.847000, 4.529000, 1.721000
18.131000, 11.440000, 6.179000, 1.908000
16.246000, 14.533000, 3.805000, 1.250000
17.766000, 14.411000, 3.742000, 1.250000
16.892000, 13.792000, 2.641000, 1.250000
17.003000, 11.966000, 3.702000, 1.387000
18.004000, 13.512000, 5.933000, 1.387000
17.274000, 11.326000, 6.700000, 1.487000
18.199000, 10.654000, 5.571000, 1.487000
18.888000, 11.445000, 6.792000, 1.487000
15.050000, 11.498000, 5.182000, 1.824000
13.800000, 11.354000, 5.944000, 1.908000
14.118000, 10.664000, 7.274000, 1.908000
15.013000, 9.787000, 7.376000, 1.661200
12.784000, 10.610000, 5.099000, 1.908000
13.364000, 9.360000, 4.756000, 1.721000
12.451000, 11.323000, 3.797000, 1.908000
15.500000, 10.728000, 5.006000, 0.600000
13.437000, 12.241000, 6.128000, 1.387000
11.947000, 10.457000, 5.635000, 1.387000
13.241000, 11.856000, 3.510000, 1.487000
12.211000, 10.692000, 3.092000, 1.487000
11.693000, 11.979000, 3.928000, 1.487000
13.427000, 11.137000, 8.281000, 1.824000
13.573000, 10.632000, 9.683000, 1.908000
12.203000, 10.369000, 10.192000, 1.908000
11.304000, 11.202000, 9.989000, 1.661200
14.290000, 11.646000, 10.572000, 1.908000
15.776000, 12.403000, 9.909000, 2.000000
12.694000, 11.667000, 8.175000, 0.600000
14.136000, 9.848000, 9.663000, 1.387000
13.666000, 12.380000, 10.778000, 1.387000
14.534000, 11.231000, 11.427000, 1.387000
12.008000, 9.241000, 10.913000, 1.824000
10.680000, 8.906000, 11.348000, 1.908000
10.653000, 8.718000, 12.890000, 1.908000
11.636000, 8.232000, 13.477000, 1.661200
10.146000, 7.657000, 10.637000, 1.908000
9.807000, 7.893000, 8.888000, 2.000000
12.680000, 8.639000, 10.972000, 0.600000
10.040000, 9.609000, 11.131000, 1.387000
10.807000, 6.942000, 10.710000, 1.387000
9.320000, 7.356000, 11.060000, 1.387000
9.523000, 9.074000, 13.514000, 1.824000
9.452000, 9.028000, 14.967000, 1.908000
9.332000, 7.648000, 15.601000, 1.908000
9.619000, 7.492000, 16.798000, 1.661200
8.215000, 9.866000, 15.291000, 1.908000
7.324000, 9.692000, 14.078000, 1.908000
8.335000, 9.701000, 12.896000, 1.908000
10.250000, 9.418000, 15.361000, 1.387000
7.788000, 9.653000, 16.052000, 1.487000
8.454000, 10.786000, 15.422000, 1.487000
6.940000, 8.954000, 14.085000, 1.487000
6.694000, 10.413000, 13.945000, 1.487000
7.970000, 9.189000, 12.161000, 1.387000
8.555000, 10.587000, 12.559000, 1.387000
8.843000, 6.697000, 14.807000, 1.824000
8.667000, 5.337000, 15.289000, 1.908000
8.826000, 4.406000, 14.080000, 1.908000
8.772000, 4.843000, 12.923000, 1.661200
7.336000, 5.164000, 15.936000, 1.908000
6.301000, 5.230000, 14.949000, 1.721000
8.533000, 6.896000, 13.977000, 0.600000
9.345000, 5.117000, 15.952000, 1.387000
7.270000, 4.271000, 16.360000, 1.387000
7.164000, 5.850000, 16.638000, 1.387000
8.861000, 3.112000, 14.380000, 1.824000
8.948000, 2.068000, 13.346000, 1.908000
7.725000, 2.088000, 12.438000, 1.908000
7.890000, 2.069000, 11.213000, 1.661200
9.139000, 0.695000, 13.989000, 1.908000
10.455000, 0.525000, 14.728000, 1.908000
9.072000, -0.400000, 12.934000, 1.908000
11.656000, 0.274000, 13.824000, 1.908000
8.752000, 2.816000, 15.234000, 0.600000
9.748000, 2.237000, 12.802000, 1.387000
8.388000, 0.571000, 14.620000, 1.487000
10.612000, 1.356000, 15.237000, 1.487000
10.381000, -0.243000, 15.348000, 1.487000
9.562000, -0.104000, 12.124000, 1.487000
9.482000, -1.221000, 13.309000, 1.487000
8.126000, -0.576000, 12.705000, 1.487000
11.782000, 1.046000, 13.200000, 1.487000
12.457000, 0.142000, 14.402000, 1.487000
11.483000, -0.567000, 13.323000, 1.487000
6.557000, 2.085000, 13.039000, 1.824000
5.374000, 2.026000, 12.194000, 1.908000
5.190000, 3.318000, 11.351000, 1.908000
4.676000, 3.227000, 10.212000, 1.661200
4.063000, 1.695000, 12.923000, 1.908000
3.361000, 2.862000, 13.554000, 1.908000
3.102000, 1.021000, 11.942000, 1.908000
6.474000, 1.972000, 13.932000, 0.600000
5.473000, 1.286000, 11.550000, 1.387000
4.315000, 1.048000, 13.631000, 1.487000
3.965000, 3.600000, 13.787000, 1.487000
2.666000, 3.237000, 12.964000, 1.487000
2.901000, 2.607000, 14.387000, 1.487000
3.216000, 1.388000, 11.044000, 1.487000
3.216000, 0.057000, 11.891000, 1.487000
2.177000, 1.203000, 12.180000, 1.487000
5.683000, 4.414000, 11.850000, 1.824000
5.645000, 5.648000, 11.058000, 1.908000
6.474000, 5.468000, 9.778000, 1.908000
6.047000, 5.861000, 8.681000, 1.661200
6.063000, 6.882000, 11.859000, 1.908000
6.199000, 4.406000, 12.607000, 0.600000
4.709000, 5.811000, 10.788000, 1.387000
6.971000, 6.766000, 12.210000, 1.487000
6.053000, 7.680000, 11.282000, 1.487000
5.445000, 7.021000, 12.608000, 1.487000
7.641000, 4.855000, 9.956000, 1.824000
8.491000, 4.521000, 8.779000, 1.908000
7.794000, 3.557000, 7.840000, 1.908000
7.806000, 3.748000, 6.612000, 1.661200
9.861000, 3.977000, 9.199000, 1.908000
10.749000, 3.510000, 8.050000, 1.908000
11.276000, 4.598000, 7.171000, 1.908000
12.142000, 5.532000, 7.882000, 1.824000
12.638000, 6.655000, 7.370000, 1.908000
12.387000, 7.019000, 6.119000, 1.824000
13.420000, 7.420000, 8.126000, 1.824000
7.873000, 4.485000, 10.738000, 0.600000
8.669000, 5.364000, 8.308000, 1.387000
10.301000, 4.680000, 9.733000, 1.487000
9.693000, 3.242000, 9.822000, 1.487000
11.519000, 3.022000, 8.417000, 1.487000
10.304000, 2.860000, 7.511000, 1.487000
11.805000, 4.156000, 6.478000, 1.387000
10.579000, 5.047000, 6.697000, 1.387000
12.375000, 5.339000, 8.753000, 0.600000
11.851000, 6.541000, 5.553000, 0.600000
12.759000, 7.802000, 5.792000, 0.600000
13.640000, 7.201000, 8.979000, 0.600000
13.784000, 8.179000, 7.761000, 0.600000
7.224000, 2.499000, 8.390000, 1.824000
6.524000, 1.546000, 7.525000, 1.908000
5.418000, 2.215000, 6.717000, 1.908000
5.249000, 1.974000, 5.505000, 1.661200
5.977000, 0.404000, 8.334000, 1.908000
7.066000, -0.247000, 9.003000, 1.721000
7.339000, 2.296000, 9.280000, 0.600000
7.175000, 1.150000, 6.905000, 1.387000
5.369000, 0.745000, 9.033000, 1.387000
5.485000, -0.247000, 7.774000, 1.387000
4.655000, 3.072000, 7.407000, 1.824000
3.604000, 3.824000, 6.745000, 1.908000
4.150000, 4.797000, 5.700000, 1.908000
3.537000, 4.954000, 4.628000, 1.661200
2.768000, 4.573000, 7.765000, 1.908000
1.895000, 3.666000, 8.614000, 1.908000
1.605000, 2.542000, 8.213000, 1.661200
1.482000, 4.163000, 9.783000, 1.824000
4.736000, 3.147000, 8.305000, 0.600000
2.959000, 3.230000, 6.331000, 1.387000
3.353000, 5.091000, 8.370000, 1.487000
2.186000, 5.242000, 7.314000, 1.487000
0.940000, 3.649000, 10.331000, 0.600000
1.713000, 5.009000, 10.034000, 0.600000
5.248000, 5.433000, 6.024000, 1.824000
5.942000, 6.331000, 5.086000, 1.908000
6.258000, 5.590000, 3.779000, 1.908000
5.990000, 6.074000, 2.638000, 1.661200
7.170000, 6.951000, 5.716000, 1.908000
7.812000, 8.001000, 4.863000, 1.908000
7.423000, 9.337000, 4.990000, 1.908000
8.826000, 7.669000, 3.984000, 1.908000
8.024000, 10.325000, 4.205000, 1.908000
9.461000, 8.635000, 3.204000, 1.908000
9.046000, 9.963000, 3.317000, 1.908000
5.614000, 5.362000, 6.858000, 0.600000
5.390000, 7.102000, 4.897000, 1.387000
6.910000, 7.314000, 6.586000, 1.487000
7.815000, 6.217000, 5.906000, 1.487000
6.699000, 9.562000, 5.599000, 1.459000
9.111000, 6.770000, 3.938000, 1.459000
7.767000, 11.213000, 4.252000, 1.459000
10.160000, 8.394000, 2.609000, 1.459000
9.474000, 10.632000, 2.775000, 1.459000
6.888000, 4.403000, 3.944000, 1.824000
7.263000, 3.624000, 2.761000, 1.908000
6.099000, 3.183000, 1.920000, 1.908000
6.203000, 3.176000, 0.665000, 1.661200
8.154000, 2.450000, 3.201000, 1.908000
9.510000, 2.894000, 3.674000, 1.908000
10.013000, 3.962000, 3.263000, 1.661200
10.138000, 2.083000, 4.511000, 1.824000
7.355000, 4.260000, 4.708000, 0.600000
7.900000, 4.143000, 2.227000, 1.387000
7.698000, 1.961000, 3.927000, 1.487000
8.246000, 1.808000, 2.454000, 1.487000
10.989000, 2.306000, 4.831000, 0.600000
9.753000, 1.308000, 4.801000, 0.600000
4.956000, 2.890000, 2.535000, 1.824000
3.744000, 2.572000, 1.751000, 1.908000
3.246000, 3.822000, 1.015000, 1.908000
2.904000, 3.792000, -0.174000, 1.661200
2.674000, 1.873000, 2.594000, 1.908000
1.357000, 1.810000, 1.870000, 1.908000
3.118000, 0.473000, 2.998000, 1.908000
4.866000, 3.040000, 3.420000, 0.600000
3.994000, 1.902000, 1.075000, 1.387000
2.562000, 2.435000, 3.404000, 1.487000
1.419000, 2.162000, 0.956000, 1.487000
1.028000, 0.885000, 1.792000, 1.487000
0.646000, 2.315000, 2.326000, 1.487000
3.990000, 0.446000, 3.427000, 1.487000
2.475000, 0.062000, 3.605000, 1.487000
3.147000, -0.120000, 2.221000, 1.487000
3.172000, 4.941000, 1.753000, 1.824000
2.775000, 6.205000, 1.138000, 1.908000
3.606000, 6.530000, -0.126000, 1.908000
3.056000, 7.047000, -1.122000, 1.661200
2.834000, 7.281000, 2.220000, 1.908000
2.485000, 8.959000, 1.654000, 2.000000
3.511000, 4.955000, 2.595000, 0.600000
1.836000, 6.163000, 0.874000, 1.387000
2.177000, 7.080000, 2.916000, 1.387000
3.720000, 7.302000, 2.635000, 1.387000
4.874000, 6.209000, -0.068000, 1.824000
5.779000, 6.511000, -1.184000, 1.908000
5.580000, 5.626000, -2.405000, 1.908000
5.943000, 6.032000, -3.507000, 1.661200
7.237000, 6.427000, -0.699000, 1.908000
7.626000, 7.598000, 0.194000, 1.908000
7.882000, 8.874000, -0.572000, 1.908000
9.145000, 8.817000, -1.260000, 1.824000
9.512000, 9.558000, -2.317000, 1.908000
8.637000, 10.366000, -2.892000, 1.824000
10.761000, 9.510000, -2.753000, 1.824000
5.263000, 5.942000, 0.716000, 0.600000
5.646000, 7.450000, -1.445000, 1.387000
7.345000, 5.563000, -0.250000, 1.487000
7.798000, 6.398000, -1.494000, 1.487000
6.912000, 7.782000, 0.833000, 1.487000
8.387000, 7.405000, 0.724000, 1.487000
7.154000, 8.938000, -1.218000, 1.387000
7.784000, 9.636000, -0.008000, 1.387000
9.836000, 8.316000, -0.877000, 0.600000
7.770000, 10.464000, -2.632000, 0.600000
8.917000, 10.885000, -3.617000, 0.600000
11.383000, 8.965000, -2.375000, 0.600000
10.997000, 10.026000, -3.469000, 0.600000
4.966000, 4.437000, -2.194000, 1.824000
4.915000, 3.480000, -3.298000, 1.908000
4.267000, 4.041000, -4.578000, 1.908000
4.804000, 3.777000, -5.697000, 1.661200
4.135000, 2.222000, -2.884000, 1.908000
4.897000, 1.269000, -1.951000, 1.908000
3.911000, 0.200000, -1.510000, 1.908000
6.146000, 0.688000, -2.568000, 1.908000
4.847000, 4.150000, -1.350000, 0.600000
5.834000, 3.214000, -3.530000, 1.387000
3.313000, 2.488000, -2.403000, 1.487000
3.894000, 1.710000, -3.701000, 1.487000
5.181000, 1.783000, -1.152000, 1.487000
3.135000, 0.640000, -1.094000, 1.487000
3.629000, -0.312000, -2.303000, 1.487000
4.361000, -0.391000, -0.856000, 1.487000
5.940000, 0.327000, -3.489000, 1.487000
6.851000, 1.385000, -2.671000, 1.487000
6.518000, -0.054000, -2.033000, 1.487000
3.191000, 4.774000, -4.549000, 1.824000
2.632000, 5.337000, -5.774000, 1.908000
3.380000, 6.530000, -6.329000, 1.908000
3.036000, 7.025000, -7.419000, 1.661200
1.214000, 5.747000, -5.417000, 1.908000
1.231000, 5.945000, -3.911000, 1.908000
2.217000, 4.874000, -3.434000, 1.908000
2.649000, 4.676000, -6.487000, 1.387000
0.889000, 6.473000, -5.838000, 1.487000
0.582000, 5.061000, -5.661000, 1.487000
1.520000, 6.702000, -3.717000, 1.487000
0.361000, 5.796000, -3.501000, 1.487000
2.640000, 5.153000, -2.600000, 1.387000
1.833000, 3.989000, -3.257000, 1.387000
4.385000, 7.010000, -5.587000, 1.824000
5.215000, 8.141000, -5.998000, 1.908000
4.881000, 9.460000, -5.286000, 1.908000
5.399000, 10.501000, -5.709000, 1.661200
4.689000, 6.515000, -4.879000, 0.600000
6.157000, 7.928000, -5.814000, 1.387000
5.149000, 8.261000, -6.986000, 1.387000
4.025000, 9.398000, -4.254000, 1.824000
3.668000, 10.548000, -3.433000, 1.908000
4.937000, 11.268000, -2.988000, 1.908000
5.886000, 10.632000, -2.523000, 1.661200
2.929000, 10.063000, -2.210000, 1.908000
1.921000, 9.122000, -2.580000, 1.721000
2.250000, 11.223000, -1.487000, 1.908000
3.597000, 8.608000, -4.094000, 0.600000
3.095000, 11.155000, -3.926000, 1.387000
3.575000, 9.611000, -1.579000, 1.387000
1.730000, 11.750000, -2.149000, 1.487000
1.653000, 10.901000, -0.785000, 1.487000
2.934000, 11.846000, -1.086000, 1.487000
4.885000, 12.600000, -3.031000, 1.824000
5.988000, 13.420000, -2.521000, 1.908000
6.355000, 13.048000, -1.102000, 1.908000
5.495000, 12.762000, -0.268000, 1.661200
5.591000, 14.892000, -2.580000, 1.908000
6.644000, 15.731000, -2.154000, 1.721000
4.097000, 13.030000, -3.197000, 0.600000
6.760000, 13.340000, -3.107000, 1.387000
5.378000, 15.113000, -3.521000, 1.387000
4.774000, 15.043000, -2.033000, 1.387000
7.655000, 13.108000, -0.829000, 1.824000
8.085000, 12.974000, 0.585000, 1.908000
7.375000, 13.950000, 1.526000, 1.908000
7.052000, 13.560000, 2.662000, 1.661200
9.591000, 13.115000, 0.753000, 1.908000
10.326000, 11.958000, 0.104000, 1.908000
11.788000, 11.947000, 0.391000, 1.908000
12.410000, 12.936000, 0.725000, 1.661200
12.444000, 10.818000, 0.157000, 1.661200
8.264000, 13.424000, -1.411000, 0.600000
7.825000, 12.056000, 0.867000, 1.387000
9.898000, 13.956000, 0.326000, 1.487000
9.790000, 13.168000, 1.704000, 1.487000
9.967000, 11.080000, 0.350000, 1.487000
10.219000, 12.029000, -0.876000, 1.487000
7.148000, 15.182000, 1.059000, 1.824000
6.537000, 16.162000, 1.966000, 1.908000
5.137000, 15.776000, 2.367000, 1.908000
4.735000, 15.971000, 3.532000, 1.661200
6.579000, 17.557000, 1.315000, 1.908000
7.609000, 15.473000, 0.337000, 0.600000
7.104000, 16.239000, 2.768000, 1.387000
7.503000, 17.798000, 1.109000, 1.487000
6.051000, 17.549000, 0.491000, 1.487000
6.192000, 18.215000, 1.933000, 1.487000
4.329000, 15.256000, 1.435000, 1.824000
3.005000, 14.798000, 1.771000, 1.908000
3.062000, 13.560000, 2.694000, 1.908000
2.311000, 13.417000, 3.660000, 1.661200
2.177000, 14.515000, 0.507000, 1.908000
1.901000, 15.860000, -0.176000, 1.908000
0.920000, 13.713000, 0.808000, 1.908000
1.370000, 15.821000, -1.605000, 1.908000
4.711000, 14.990000, 0.617000, 0.600000
2.514000, 15.498000, 2.260000, 1.387000
2.759000, 13.978000, -0.085000, 1.487000
1.235000, 16.320000, 0.391000, 1.487000
2.747000, 16.375000, -0.186000, 1.487000
0.488000, 13.470000, -0.050000, 1.487000
0.310000, 14.252000, 1.372000, 1.487000
1.169000, 12.886000, 1.298000, 1.487000
0.627000, 15.155000, -1.675000, 1.487000
1.063000, 16.736000, -1.848000, 1.487000
2.130000, 15.571000, -2.197000, 1.487000
4.013000, 12.678000, 2.354000, 1.824000
4.083000, 11.486000, 3.180000, 1.908000
4.529000, 11.821000, 4.621000, 1.908000
4.174000, 11.111000, 5.587000, 1.661200
4.981000, 10.374000, 2.571000, 1.908000
4.275000, 9.703000, 1.042000, 2.000000
4.462000, 12.733000, 1.584000, 0.600000
3.205000, 11.059000, 3.236000, 1.387000
5.836000, 10.756000, 2.341000, 1.387000
5.078000, 9.648000, 3.192000, 1.387000
5.362000, 12.851000, 4.739000, 1.824000
5.812000, 13.342000, 6.051000, 1.908000
4.649000, 13.816000, 6.909000, 1.908000
4.466000, 13.361000, 8.057000, 1.661200
6.883000, 14.439000, 5.887000, 1.908000
5.770000, 13.200000, 4.004000, 0.600000
6.271000, 12.606000, 6.515000, 1.387000
6.531000, 15.159000, 5.330000, 1.487000
7.124000, 14.794000, 6.768000, 1.487000
7.676000, 14.054000, 5.458000, 1.487000
3.820000, 14.730000, 6.379000, 1.824000
2.751000, 15.196000, 7.191000, 1.908000
1.685000, 14.093000, 7.443000, 1.908000
0.965000, 14.087000, 8.454000, 1.661200
2.037000, 16.445000, 6.621000, 1.908000
1.697000, 16.153000, 5.271000, 1.721000
2.928000, 17.660000, 6.674000, 1.908000
3.960000, 15.014000, 5.530000, 0.600000
3.070000, 15.477000, 8.082000, 1.387000
1.200000, 16.584000, 7.156000, 1.387000
3.371000, 17.763000, 7.580000, 1.487000
3.678000, 17.552000, 6.020000, 1.487000
2.447000, 18.486000, 6.464000, 1.487000
1.652000, 13.136000, 6.523000, 1.824000
0.695000, 12.058000, 6.670000, 1.908000
1.071000, 11.120000, 7.832000, 1.908000
0.170000, 10.575000, 8.488000, 1.661200
0.568000, 11.279000, 5.338000, 1.908000
-0.535000, 10.247000, 5.310000, 1.908000
-1.811000, 10.543000, 5.777000, 1.908000
-0.271000, 8.941000, 4.895000, 1.908000
-2.832000, 9.604000, 5.690000, 1.908000
-1.266000, 7.971000, 4.862000, 1.908000
-2.548000, 8.313000, 5.238000, 1.908000
-3.511000, 7.313000, 5.238000, 1.721000
2.293000, 13.075000, 5.881000, 0.600000
-0.198000, 12.415000, 6.845000, 1.387000
0.405000, 11.951000, 4.631000, 1.487000
1.448000, 10.860000, 5.142000, 1.487000
-2.042000, 11.466000, 6.048000, 1.459000
0.648000, 8.702000, 4.596000, 1.459000
-3.746000, 9.823000, 6.001000, 1.459000
-1.073000, 7.056000, 4.551000, 1.459000
2.379000, 10.893000, 7.997000, 1.824000
2.870000, 9.886000, 8.916000, 1.908000
3.519000, 10.362000, 10.215000, 1.908000
3.687000, 9.566000, 11.146000, 1.661200
3.932000, 8.990000, 8.199000, 1.908000
5.025000, 9.841000, 7.826000, 1.721000
3.343000, 8.274000, 7.009000, 1.908000
2.978000, 11.293000, 7.441000, 0.600000
2.146000, 9.260000, 9.144000, 1.387000
4.258000, 8.337000, 8.891000, 1.387000
2.905000, 8.936000, 6.403000, 1.487000
4.020000, 7.783000, 6.499000, 1.487000
2.614000, 7.626000, 7.284000, 1.487000
3.930000, 11.629000, 10.199000, 1.824000
4.730000, 12.160000, 11.322000, 1.908000
6.206000, 12.086000, 11.070000, 1.908000
6.967000, 12.580000, 11.911000, 1.661200
3.978000, 12.098000, 9.423000, 0.600000
4.454000, 13.092000, 11.475000, 1.387000
4.465000, 11.665000, 12.153000, 1.387000
6.607000, 11.472000, 9.956000, 1.824000
8.008000, 11.553000, 9.581000, 1.908000
8.345000, 13.003000, 9.174000, 1.908000
7.446000, 13.847000, 9.004000, 1.661200
8.340000, 10.554000, 8.464000, 1.908000
7.990000, 8.827000, 8.866000, 2.000000
5.999000, 11.210000, 9.337000, 0.600000
8.581000, 11.301000, 10.324000, 1.387000
7.818000, 10.769000, 7.672000, 1.387000
9.288000, 10.604000, 8.239000, 1.387000
9.637000, 13.252000, 9.040000, 1.824000
10.148000, 14.569000, 8.687000, 1.908000
11.209000, 14.452000, 7.608000, 1.908000
11.839000, 13.391000, 7.388000, 1.661200
10.742000, 15.300000, 9.921000, 1.908000
11.967000, 14.602000, 10.463000, 1.908000
9.643000, 15.432000, 10.953000, 1.908000
12.646000, 15.383000, 11.593000, 1.908000
10.253000, 12.576000, 9.072000, 0.600000
9.418000, 15.138000, 8.376000, 1.387000
10.983000, 16.201000, 9.590000, 1.487000
11.684000, 13.729000, 10.820000, 1.487000
12.634000, 14.483000, 9.746000, 1.487000
8.844000, 15.851000, 10.538000, 1.487000
9.394000, 14.537000, 11.302000, 1.487000
9.967000, 16.013000, 11.691000, 1.487000
12.743000, 16.320000, 11.280000, 1.487000
12.088000, 15.331000, 12.419000, 1.487000
13.549000, 14.992000, 11.729000, 1.487000
11.426000, 15.582000, 6.911000, 1.824000
12.486000, 15.737000, 5.910000, 1.908000
13.470000, 16.738000, 6.437000, 1.908000
13.033000, 17.834000, 6.853000, 1.661200
11.966000, 16.250000, 4.571000, 1.908000
10.864000, 15.373000, 3.994000, 1.908000
13.097000, 16.354000, 3.565000, 1.908000
10.036000, 16.027000, 2.890000, 1.908000
10.829000, 16.269000, 6.963000, 0.600000
12.909000, 14.874000, 5.749000, 1.387000
11.607000, 17.158000, 4.736000, 1.487000
10.259000, 15.143000, 4.740000, 1.487000
11.267000, 14.553000, 3.619000, 1.487000
13.601000, 15.499000, 3.541000, 1.487000
12.709000, 16.552000, 2.673000, 1.487000
13.707000, 17.089000, 3.826000, 1.487000
10.637000, 16.377000, 2.174000, 1.487000
9.402000, 15.345000, 2.536000, 1.487000
9.512000, 16.760000, 3.311000, 1.487000
14.749000, 16.368000, 6.445000, 1.824000
15.789000, 17.309000, 6.862000, 1.908000
16.776000, 17.474000, 5.716000, 1.908000
16.949000, 16.528000, 4.919000, 1.661200
16.508000, 16.857000, 8.149000, 1.908000
17.203000, 15.509000, 7.996000, 1.908000
15.525000, 16.833000, 9.308000, 1.908000
18.138000, 15.189000, 9.165000, 1.908000
15.012000, 15.628000, 5.997000, 0.600000
15.381000, 18.173000, 7.068000, 1.387000
17.191000, 17.550000, 8.330000, 1.487000
16.501000, 14.824000, 7.958000, 1.487000
17.741000, 15.514000, 7.174000, 1.487000
15.061000, 17.707000, 9.364000, 1.487000
14.855000, 16.116000, 9.157000, 1.487000
16.027000, 16.670000, 10.146000, 1.487000
17.785000, 15.603000, 10.001000, 1.487000
18.205000, 14.200000, 9.242000, 1.487000
19.032000, 15.554000, 8.930000, 1.487000
17.500000, 18.590000, 5.692000, 1.824000
18.486000, 18.750000, 4.634000, 1.908000
19.749000, 17.969000, 4.860000, 1.908000
20.493000, 17.725000, 3.899000, 1.661200
18.674000, 20.267000, 4.581000, 1.908000
18.258000, 20.827000, 5.923000, 1.908000
17.153000, 19.872000, 6.422000, 1.908000
18.146000, 18.411000, 3.790000, 1.387000
19.503000, 20.541000, 4.350000, 1.487000
18.132000, 20.641000, 3.872000, 1.487000
18.894000, 20.806000, 6.466000, 1.487000
17.889000, 21.725000, 5.870000, 1.487000
17.212000, 19.754000, 7.374000, 1.387000
16.244000, 20.115000, 6.193000, 1.387000
20.048000, 17.720000, 6.144000, 1.824000
21.260000, 16.950000, 6.470000, 1.908000
20.950000, 15.447000, 6.407000, 1.908000
19.910000, 15.051000, 5.860000, 1.661200
19.445000, 17.850000, 6.793000, 0.600000
21.955000, 17.153000, 5.821000, 1.387000
21.591000, 17.207000, 7.362000, 1.387000
21.921000, 14.699000, 6.948000, 1.824000
21.796000, 13.225000, 6.966000, 1.908000
21.760000, 12.594000, 8.339000, 1.908000
21.731000, 11.356000, 8.416000, 1.661200
22.990000, 12.671000, 6.193000, 1.908000
22.766000, 15.014000, 7.023000, 0.600000
20.997000, 12.980000, 6.460000, 1.387000
23.103000, 13.161000, 5.348000, 1.487000
23.813000, 12.768000, 6.720000, 1.487000
22.858000, 11.717000, 5.994000, 1.487000
21.731000, 13.436000, 9.377000, 1.824000
21.844000, 12.956000, 10.763000, 1.908000
20.537000, 13.181000, 11.479000, 1.908000
20.228000, 14.281000, 11.997000, 1.661200
23.065000, 13.641000, 11.462000, 1.908000
24.184000, 13.459000, 10.655000, 1.721000
23.335000, 13.039000, 12.827000, 1.908000
21.871000, 14.322000, 9.243000, 0.600000
22.069000, 12.007000, 10.755000, 1.387000
22.826000, 14.615000, 11.549000, 1.387000
22.520000, 13.099000, 13.423000, 1.487000
23.529000, 12.066000, 12.719000, 1.487000
24.091000, 13.467000, 13.273000, 1.487000
19.716000, 12.124000, 11.531000, 1.824000
18.443000, 12.197000, 12.212000, 1.908000
18.632000, 12.283000, 13.732000, 1.908000
19.477000, 11.575000, 14.277000, 1.661200
17.565000, 10.987000, 11.858000, 1.908000
17.122000, 10.899000, 10.106000, 2.000000
19.959000, 11.330000, 11.159000, 0.600000
17.930000, 12.969000, 11.914000, 1.387000
18.043000, 10.169000, 12.069000, 1.387000
16.732000, 11.014000, 12.359000, 1.387000
17.806000, 13.078000, 14.390000, 1.824000
17.904000, 13.208000, 15.859000, 1.908000
17.335000, 12.004000, 16.593000, 1.908000
16.580000, 11.235000, 16.009000, 1.661200
17.165000, 14.509000, 16.118000, 1.908000
16.041000, 14.509000, 15.075000, 1.908000
16.711000, 13.937000, 13.818000, 1.908000
18.844000, 13.274000, 16.105000, 1.387000
16.831000, 14.630000, 16.940000, 1.487000
17.734000, 15.269000, 15.990000, 1.487000
15.427000, 14.006000, 15.323000, 1.487000
15.712000, 15.400000, 14.892000, 1.487000
16.082000, 13.407000, 13.307000, 1.387000
17.110000, 14.583000, 13.210000, 1.387000
17.621000, 11.960000, 17.887000, 1.824000
17.243000, 10.798000, 18.724000, 1.908000
15.754000, 10.567000, 18.845000, 1.908000
15.313000, 9.427000, 19.147000, 1.661200
18.241000, 12.514000, 18.260000, 0.600000
17.664000, 10.001000, 18.327000, 1.387000
17.673000, 10.912000, 19.619000, 1.387000
14.965000, 11.636000, 18.653000, 1.824000
13.516000, 11.493000, 18.710000, 1.908000
12.833000, 11.234000, 17.331000, 1.908000
11.608000, 11.086000, 17.287000, 1.661200
12.831000, 12.689000, 19.444000, 1.908000
13.113000, 14.044000, 18.872000, 1.908000
14.026000, 14.181000, 18.117000, 1.661200
12.260000, 14.976000, 19.236000, 1.661200
15.316000, 12.387000, 18.296000, 0.600000
13.280000, 10.739000, 19.286000, 1.387000
11.861000, 12.536000, 19.487000, 1.487000
13.136000, 12.666000, 20.371000, 1.487000
13.678000, 11.149000, 16.321000, 1.824000
13.245000, 10.686000, 14.994000, 1.908000
14.250000, 9.639000, 14.507000, 1.908000
14.936000, 9.825000, 13.497000, 1.661200
13.133000, 11.837000, 13.995000, 1.908000
11.969000, 12.752000, 14.283000, 1.908000
12.059000, 13.805000, 15.217000, 1.908000
10.739000, 12.534000, 13.671000, 1.908000
10.974000, 14.618000, 15.484000, 1.908000
9.634000, 13.344000, 13.940000, 1.908000
9.743000, 14.374000, 14.873000, 1.908000
8.665000, 15.141000, 15.119000, 1.721000
14.557000, 11.342000, 16.414000, 0.600000
12.366000, 10.278000, 15.066000, 1.387000
13.975000, 12.353000, 14.021000, 1.487000
13.056000, 11.460000, 13.073000, 1.487000
12.921000, 13.967000, 15.665000, 1.459000
10.637000, 11.796000, 13.023000, 1.459000
11.064000, 15.351000, 16.144000, 1.459000
8.766000, 13.182000, 13.502000, 1.459000
14.315000, 8.586000, 15.319000, 1.824000
15.390000, 7.610000, 15.230000, 1.908000
15.141000, 6.463000, 14.236000, 1.908000
16.082000, 5.694000, 13.983000, 1.661200
15.628000, 7.011000, 16.601000, 1.908000
13.626000, 8.372000, 15.878000, 0.600000
16.222000, 8.060000, 14.964000, 1.387000
14.814000, 6.570000, 16.937000, 1.487000
16.349000, 6.339000, 16.572000, 1.487000
15.882000, 7.710000, 17.248000, 1.487000
13.954000, 6.416000, 13.695000, 1.824000
13.473000, 5.311000, 12.853000, 1.908000
13.234000, 5.730000, 11.404000, 1.908000
13.687000, 6.853000, 11.033000, 1.661200
12.231000, 4.667000, 13.478000, 1.908000
12.521000, 4.154000, 14.875000, 1.908000
11.776000, 4.485000, 15.792000, 1.661200
13.505000, 3.283000, 14.993000, 1.824000
12.614000, 4.965000, 10.671000, 1.480000
13.323000, 7.061000, 13.882000, 0.600000
14.165000, 4.602000, 12.878000, 1.387000
11.503000, 5.323000, 13.522000, 1.487000
11.913000, 3.922000, 12.913000, 1.487000
13.719000, 2.934000, 15.831000, 0.600000
14.024000, 3.051000, 14.273000, 0.600000
